"id","Date","APPLICATION","OFFERED","ANSWERED","AVG ANS DELAY","AVG ANS DELAY SECONDS","MAX ANS DELAY","ABANDONED","DelayCallsProduct"
"2018-02-14-dba_cs_268_5311_gen_inq_script","2018/02/14","dba_cs_268_5311_gen_inq_script","423","375","00:02:44","164","00:09:47","48","61,500"
"2018-02-15-dba_cs_268_5311_gen_inq_script","2018/02/15","dba_cs_268_5311_gen_inq_script","395","369","00:00:50","50","00:07:15","26","18,450"
"2018-02-16-dba_cs_268_5311_gen_inq_script","2018/02/16","dba_cs_268_5311_gen_inq_script","369","349","00:01:21","81","00:07:14","19","28,269"
"2018-02-19-dba_cs_268_5311_gen_inq_script","2018/02/19","dba_cs_268_5311_gen_inq_script","0","0","00:00:00","0","00:00:00","0","0"
"2018-02-20-dba_cs_268_5311_gen_inq_script","2018/02/20","dba_cs_268_5311_gen_inq_script","558","449","00:05:24","324","00:21:48","109","145,476"
"2018-02-21-dba_cs_268_5311_gen_inq_script","2018/02/21","dba_cs_268_5311_gen_inq_script","542","353","00:04:38","278","00:21:23","135","98,134"
"2018-02-22-dba_cs_268_5311_gen_inq_script","2018/02/22","dba_cs_268_5311_gen_inq_script","453","278","00:04:32","272","00:23:44","111","75,616"
"2018-02-23-dba_cs_268_5311_gen_inq_script","2018/02/23","dba_cs_268_5311_gen_inq_script","437","383","00:01:47","107","00:15:47","48","40,981"
"2018-02-26-dba_cs_268_5311_gen_inq_script","2018/02/26","dba_cs_268_5311_gen_inq_script","513","399","00:03:28","208","00:12:27","71","82,992"
"2018-02-27-dba_cs_268_5311_gen_inq_script","2018/02/27","dba_cs_268_5311_gen_inq_script","440","326","00:03:53","233","00:14:48","68","75,958"
"2018-02-28-dba_cs_268_5311_gen_inq_script","2018/02/28","dba_cs_268_5311_gen_inq_script","500","318","00:05:01","301","00:19:54","117","95,718"
"2018-03-01-dba_cs_268_5311_gen_inq_script","2018/03/01","dba_cs_268_5311_gen_inq_script","427","385","00:01:30","90","00:21:02","25","34,650"
"2018-03-05-dba_cs_268_5311_gen_inq_script","2018/03/05","dba_cs_268_5311_gen_inq_script","508","323","00:04:22","262","00:17:24","102","84,626"
"2018-03-06-dba_cs_268_5311_gen_inq_script","2018/03/06","dba_cs_268_5311_gen_inq_script","470","345","00:03:23","203","00:22:41","80","70,035"
"2018-03-07-dba_cs_268_5311_gen_inq_script","2018/03/07","dba_cs_268_5311_gen_inq_script","503","343","00:03:46","226","00:16:33","95","77,518"
"2018-03-08-dba_cs_268_5311_gen_inq_script","2018/03/08","dba_cs_268_5311_gen_inq_script","428","377","00:01:38","98","00:13:13","40","36,946"
"2018-03-09-dba_cs_268_5311_gen_inq_script","2018/03/09","dba_cs_268_5311_gen_inq_script","379","290","00:03:03","183","00:16:55","62","53,070"
"2018-03-12-dba_cs_268_5311_gen_inq_script","2018/03/12","dba_cs_268_5311_gen_inq_script","542","473","00:01:58","118","00:10:49","55","55,814"
"2018-03-13-dba_cs_268_5311_gen_inq_script","2018/03/13","dba_cs_268_5311_gen_inq_script","459","334","00:03:31","211","00:17:45","85","70,474"
"2018-03-14-dba_cs_268_5311_gen_inq_script","2018/03/14","dba_cs_268_5311_gen_inq_script","364","269","00:04:09","249","00:25:08","61","66,981"
"2018-03-15-dba_cs_268_5311_gen_inq_script","2018/03/15","dba_cs_268_5311_gen_inq_script","327","309","00:01:23","83","00:10:21","10","25,647"
"2018-03-16-dba_cs_268_5311_gen_inq_script","2018/03/16","dba_cs_268_5311_gen_inq_script","298","249","00:02:07","127","00:19:31","34","31,623"
"2018-03-19-dba_cs_268_5311_gen_inq_script","2018/03/19","dba_cs_268_5311_gen_inq_script","512","237","00:08:28","508","00:38:31","152","120,396"
"2018-03-20-dba_cs_268_5311_gen_inq_script","2018/03/20","dba_cs_268_5311_gen_inq_script","443","280","00:04:39","279","00:26:58","87","78,120"
"2018-03-21-dba_cs_268_5311_gen_inq_script","2018/03/21","dba_cs_268_5311_gen_inq_script","444","400","00:01:34","94","00:10:30","34","37,600"
"2018-03-22-dba_cs_268_5311_gen_inq_script","2018/03/22","dba_cs_268_5311_gen_inq_script","452","304","00:05:41","341","00:24:48","81","103,664"
"2018-03-23-dba_cs_268_5311_gen_inq_script","2018/03/23","dba_cs_268_5311_gen_inq_script","366","261","00:04:41","281","00:16:19","57","73,341"
"2018-03-26-dba_cs_268_5311_gen_inq_script","2018/03/26","dba_cs_268_5311_gen_inq_script","492","355","00:03:28","208","00:18:57","80","73,840"
"2018-03-27-dba_cs_268_5311_gen_inq_script","2018/03/27","dba_cs_268_5311_gen_inq_script","436","383","00:01:51","111","00:15:43","34","42,513"
"2018-03-28-dba_cs_268_5311_gen_inq_script","2018/03/28","dba_cs_268_5311_gen_inq_script","409","293","00:04:07","247","00:21:06","68","72,371"
"2018-03-29-dba_cs_268_5311_gen_inq_script","2018/03/29","dba_cs_268_5311_gen_inq_script","443","279","00:04:46","286","00:24:59","101","79,794"
"2018-03-30-dba_cs_268_5311_gen_inq_script","2018/03/30","dba_cs_268_5311_gen_inq_script","0","0","00:00:00","0","00:00:00","0","0"
"2018-04-02-dba_cs_268_5311_gen_inq_script","2018/04/02","dba_cs_268_5311_gen_inq_script","464","291","00:04:26","266","00:28:00","105","77,406"
"2018-04-03-dba_cs_268_5311_gen_inq_script","2018/04/03","dba_cs_268_5311_gen_inq_script","535","372","00:04:40","280","00:17:34","97","104,160"
"2018-04-04-dba_cs_268_5311_gen_inq_script","2018/04/04","dba_cs_268_5311_gen_inq_script","520","233","00:09:30","570","00:33:45","165","132,810"
"2018-04-05-dba_cs_268_5311_gen_inq_script","2018/04/05","dba_cs_268_5311_gen_inq_script","528","158","00:11:22","682","00:27:15","197","107,756"
"2018-04-06-dba_cs_268_5311_gen_inq_script","2018/04/06","dba_cs_268_5311_gen_inq_script","448","262","00:06:12","372","00:20:51","101","97,464"
"2018-04-09-dba_cs_268_5311_gen_inq_script","2018/04/09","dba_cs_268_5311_gen_inq_script","510","392","00:04:03","243","00:13:21","73","95,256"
"2018-04-10-dba_cs_268_5311_gen_inq_script","2018/04/10","dba_cs_268_5311_gen_inq_script","427","368","00:02:22","142","00:15:07","39","52,256"
"2018-04-11-dba_cs_268_5311_gen_inq_script","2018/04/11","dba_cs_268_5311_gen_inq_script","444","231","00:08:33","513","00:19:48","112","118,503"
"2018-04-12-dba_cs_268_5311_gen_inq_script","2018/04/12","dba_cs_268_5311_gen_inq_script","414","316","00:04:02","242","00:14:23","58","76,472"
"2018-04-13-dba_cs_268_5311_gen_inq_script","2018/04/13","dba_cs_268_5311_gen_inq_script","414","316","00:04:02","242","00:14:23","58","76,472"
"2018-04-16-dba_cs_268_5311_gen_inq_script","2018/04/16","dba_cs_268_5311_gen_inq_script","414","316","00:04:02","242","00:14:23","58","76,472"
"2018-04-17-dba_cs_268_5311_gen_inq_script","2018/04/17","dba_cs_268_5311_gen_inq_script","414","316","00:04:02","242","00:14:23","58","76,472"
"2018-04-18-dba_cs_268_5311_gen_inq_script","2018/04/18","dba_cs_268_5311_gen_inq_script","414","316","00:04:02","242","00:14:23","58","76,472"
"2018-04-19-dba_cs_268_5311_gen_inq_script","2018/04/19","dba_cs_268_5311_gen_inq_script","414","316","00:04:02","242","00:14:23","58","76,472"
"2018-04-20-dba_cs_268_5311_gen_inq_script","2018/04/20","dba_cs_268_5311_gen_inq_script","414","316","00:04:02","242","00:14:23","58","76,472"
"2018-04-23-dba_cs_268_5311_gen_inq_script","2018/04/23","dba_cs_268_5311_gen_inq_script","414","316","00:04:02","242","00:14:23","58","76,472"
"2018-04-24-dba_cs_268_5311_gen_inq_script","2018/04/24","dba_cs_268_5311_gen_inq_script","414","316","00:04:02","242","00:14:23","58","76,472"
"2018-04-25-dba_cs_268_5311_gen_inq_script","2018/04/25","dba_cs_268_5311_gen_inq_script","414","316","00:04:02","242","00:14:23","58","76,472"
"2018-04-26-dba_cs_268_5311_gen_inq_script","2018/04/26","dba_cs_268_5311_gen_inq_script","414","316","00:04:02","242","00:14:23","58","76,472"
"2018-04-27-dba_cs_268_5311_gen_inq_script","2018/04/27","dba_cs_268_5311_gen_inq_script","414","316","00:04:02","242","00:14:23","58","76,472"
"2018-04-30-dba_cs_268_5311_gen_inq_script","2018/04/30","dba_cs_268_5311_gen_inq_script","414","316","00:04:02","242","00:14:23","58","76,472"
"2018-05-01-dba_cs_268_5311_gen_inq_script","2018/05/01","dba_cs_268_5311_gen_inq_script","414","316","00:04:02","242","00:14:23","58","76,472"
"2018-05-02-dba_cs_268_5311_gen_inq_script","2018/05/02","dba_cs_268_5311_gen_inq_script","414","316","00:04:02","242","00:14:23","58","76,472"
"2018-05-03-dba_cs_268_5311_gen_inq_script","2018/05/03","dba_cs_268_5311_gen_inq_script","414","316","00:04:02","242","00:14:23","58","76,472"
"2018-05-04-dba_cs_268_5311_gen_inq_script","2018/05/04","dba_cs_268_5311_gen_inq_script","414","316","00:04:02","242","00:14:23","58","76,472"
"2018-05-07-dba_cs_268_5311_gen_inq_script","2018/05/07","dba_cs_268_5311_gen_inq_script","414","316","00:04:02","242","00:14:23","58","76,472"
"2018-05-08-dba_cs_268_5311_gen_inq_script","2018/05/08","dba_cs_268_5311_gen_inq_script","414","316","00:04:02","242","00:14:23","58","76,472"
"2018-05-09-dba_cs_268_5311_gen_inq_script","2018/05/09","dba_cs_268_5311_gen_inq_script","414","316","00:04:02","242","00:14:23","58","76,472"
"2018-05-10-dba_cs_268_5311_gen_inq_script","2018/05/10","dba_cs_268_5311_gen_inq_script","414","316","00:04:02","242","00:14:23","58","76,472"
"2018-05-11-dba_cs_268_5311_gen_inq_script","2018/05/11","dba_cs_268_5311_gen_inq_script","414","316","00:04:02","242","00:14:23","58","76,472"
"2018-05-14-dba_cs_268_5311_gen_inq_script","2018/05/14","dba_cs_268_5311_gen_inq_script","672","286","00:09:25","565","00:27:03","205","161,590"
"2018-05-15-dba_cs_268_5311_gen_inq_script","2018/05/15","dba_cs_268_5311_gen_inq_script","505","264","00:06:03","363","00:47:29","146","95,832"
"2018-05-16-dba_cs_268_5311_gen_inq_script","2018/05/16","dba_cs_268_5311_gen_inq_script","469","188","00:11:26","686","00:41:11","166","128,968"
"2018-05-17-dba_cs_268_5311_gen_inq_script","2018/05/17","dba_cs_268_5311_gen_inq_script","425","193","00:08:20","500","00:29:42","136","96,500"
"2018-05-18-dba_cs_268_5311_gen_inq_script","2018/05/18","dba_cs_268_5311_gen_inq_script","433","105","00:17:57","1,077","00:54:36","172","113,085"
"2018-05-21-dba_cs_268_5311_gen_inq_script","2018/05/21","dba_cs_268_5311_gen_inq_script","0","0","00:00:00","0","00:00:00","0","0"
"2018-05-22-dba_cs_268_5311_gen_inq_script","2018/05/22","dba_cs_268_5311_gen_inq_script","575","176","00:14:42","882","00:37:19","210","155,232"
"2018-05-23-dba_cs_268_5311_gen_inq_script","2018/05/23","dba_cs_268_5311_gen_inq_script","519","226","00:09:24","564","00:22:31","161","127,464"
"2018-05-24-dba_cs_268_5311_gen_inq_script","2018/05/24","dba_cs_268_5311_gen_inq_script","442","257","00:05:16","316","00:18:49","95","81,212"
"2018-05-25-dba_cs_268_5311_gen_inq_script","2018/05/25","dba_cs_268_5311_gen_inq_script","421","339","00:03:10","190","00:15:00","51","64,410"
"2018-05-28-dba_cs_268_5311_gen_inq_script","2018/05/28","dba_cs_268_5311_gen_inq_script","577","266","00:08:00","480","00:22:29","158","127,680"
"2018-05-29-dba_cs_268_5311_gen_inq_script","2018/05/29","dba_cs_268_5311_gen_inq_script","467","272","00:05:39","339","00:23:35","123","92,208"
"2018-05-30-dba_cs_268_5311_gen_inq_script","2018/05/30","dba_cs_268_5311_gen_inq_script","402","344","00:02:56","176","00:22:18","39","60,544"
"2018-05-31-dba_cs_268_5311_gen_inq_script","2018/05/31","dba_cs_268_5311_gen_inq_script","406","337","00:05:35","335","00:24:24","69","112,895"
"2018-06-01-dba_cs_268_5311_gen_inq_script","2018/06/01","dba_cs_268_5311_gen_inq_script","387","333","00:05:26","326","00:19:53","52","108,558"
"2018-06-04-dba_cs_268_5311_gen_inq_script","2018/06/04","dba_cs_268_5311_gen_inq_script","520","427","00:05:30","330","00:18:44","85","140,910"
"2018-06-05-dba_cs_268_5311_gen_inq_script","2018/06/05","dba_cs_268_5311_gen_inq_script","480","399","00:04:58","298","00:16:54","75","118,902"
"2018-06-06-dba_cs_268_5311_gen_inq_script","2018/06/06","dba_cs_268_5311_gen_inq_script","420","382","00:02:31","151","00:15:40","36","57,682"
"2018-06-07-dba_cs_268_5311_gen_inq_script","2018/06/07","dba_cs_268_5311_gen_inq_script","439","325","00:06:45","405","00:34:13","112","131,625"
"2018-06-08-dba_cs_268_5311_gen_inq_script","2018/06/08","dba_cs_268_5311_gen_inq_script","391","309","00:05:41","341","00:23:15","78","105,369"
"2018-06-11-dba_cs_268_5311_gen_inq_script","2018/06/11","dba_cs_268_5311_gen_inq_script","540","367","00:09:35","575","00:28:00","166","211,025"
"2018-06-12-dba_cs_268_5311_gen_inq_script","2018/06/12","dba_cs_268_5311_gen_inq_script","467","363","00:06:58","418","00:25:32","104","151,734"
"2018-06-13-dba_cs_268_5311_gen_inq_script","2018/06/13","dba_cs_268_5311_gen_inq_script","444","311","00:08:38","518","00:20:46","132","161,098"
"2018-06-14-dba_cs_268_5311_gen_inq_script","2018/06/14","dba_cs_268_5311_gen_inq_script","391","313","00:06:43","403","00:25:14","77","126,139"
"2018-06-15-dba_cs_268_5311_gen_inq_script","2018/06/15","dba_cs_268_5311_gen_inq_script","406","322","00:06:27","387","00:29:10","83","124,614"
"2018-06-18-dba_cs_268_5311_gen_inq_script","2018/06/18","dba_cs_268_5311_gen_inq_script","557","376","00:10:14","614","00:22:10","179","230,864"
"2018-06-19-dba_cs_268_5311_gen_inq_script","2018/06/19","dba_cs_268_5311_gen_inq_script","453","301","00:09:39","579","00:28:30","150","174,279"
"2018-06-20-dba_cs_268_5311_gen_inq_script","2018/06/20","dba_cs_268_5311_gen_inq_script","461","258","00:14:58","898","00:37:42","202","231,684"
"2018-06-21-dba_cs_268_5311_gen_inq_script","2018/06/21","dba_cs_268_5311_gen_inq_script","417","333","00:07:15","435","00:22:06","81","144,855"
"2018-06-22-dba_cs_268_5311_gen_inq_script","2018/06/22","dba_cs_268_5311_gen_inq_script","380","304","00:07:28","448","00:31:01","76","136,192"
"2018-06-25-dba_cs_268_5311_gen_inq_script","2018/06/25","dba_cs_268_5311_gen_inq_script","428","344","00:03:09","189","00:13:47","55","65,016"
"2018-06-26-dba_cs_268_5311_gen_inq_script","2018/06/26","dba_cs_268_5311_gen_inq_script","406","325","00:07:39","459","00:24:43","80","149,175"
"2018-06-27-dba_cs_268_5311_gen_inq_script","2018/06/27","dba_cs_268_5311_gen_inq_script","391","346","00:03:59","239","00:15:28","44","82,694"
"2018-06-28-dba_cs_268_5311_gen_inq_script","2018/06/28","dba_cs_268_5311_gen_inq_script","376","315","00:05:14","314","00:18:56","61","98,910"
"2018-06-29-dba_cs_268_5311_gen_inq_script","2018/06/29","dba_cs_268_5311_gen_inq_script","342","243","00:07:57","477","00:28:58","97","115,911"
"2018-07-02-dba_cs_268_5311_gen_inq_script","2018/07/02","dba_cs_268_5311_gen_inq_script","2","0","00:00:00","0","00:00:00","0","0"
"2018-07-03-dba_cs_268_5311_gen_inq_script","2018/07/03","dba_cs_268_5311_gen_inq_script","467","378","00:06:15","375","00:29:06","87","141,750"
"2018-07-04-dba_cs_268_5311_gen_inq_script","2018/07/04","dba_cs_268_5311_gen_inq_script","494","306","00:09:30","570","00:31:00","186","174,420"
"2018-07-05-dba_cs_268_5311_gen_inq_script","2018/07/05","dba_cs_268_5311_gen_inq_script","459","324","00:08:32","512","00:28:56","134","165,888"
"2018-07-06-dba_cs_268_5311_gen_inq_script","2018/07/06","dba_cs_268_5311_gen_inq_script","321","286","00:03:07","187","00:14:10","33","53,482"
"2018-07-09-dba_cs_268_5311_gen_inq_script","2018/07/09","dba_cs_268_5311_gen_inq_script","476","333","00:08:19","499","00:21:16","140","166,167"
"2018-07-10-dba_cs_268_5311_gen_inq_script","2018/07/10","dba_cs_268_5311_gen_inq_script","355","292","00:04:20","260","00:18:55","63","75,920"
"2018-07-11-dba_cs_268_5311_gen_inq_script","2018/07/11","dba_cs_268_5311_gen_inq_script","328","301","00:01:59","119","00:13:58","26","35,819"
"2018-07-12-dba_cs_268_5311_gen_inq_script","2018/07/12","dba_cs_268_5311_gen_inq_script","407","331","00:05:33","333","00:23:18","74","110,223"
"2018-07-13-dba_cs_268_5311_gen_inq_script","2018/07/13","dba_cs_268_5311_gen_inq_script","307","280","00:02:04","124","00:12:48","25","34,720"
"2018-07-16-dba_cs_268_5311_gen_inq_script","2018/07/16","dba_cs_268_5311_gen_inq_script","432","371","00:05:07","307","00:15:37","60","113,897"
"2018-07-17-dba_cs_268_5311_gen_inq_script","2018/07/17","dba_cs_268_5311_gen_inq_script","438","371","00:04:59","299","00:27:14","66","110,929"
"2018-07-18-dba_cs_268_5311_gen_inq_script","2018/07/18","dba_cs_268_5311_gen_inq_script","455","318","00:08:19","499","00:22:50","135","158,682"
"2018-07-19-dba_cs_268_5311_gen_inq_script","2018/07/19","dba_cs_268_5311_gen_inq_script","439","309","00:09:11","551","00:28:09","129","170,259"
"2018-07-20-dba_cs_268_5311_gen_inq_script","2018/07/20","dba_cs_268_5311_gen_inq_script","419","307","00:08:08","488","00:22:18","111","149,816"
"2018-07-23-dba_cs_268_5311_gen_inq_script","2018/07/23","dba_cs_268_5311_gen_inq_script","530","359","00:08:49","529","00:20:41","170","189,911"
"2018-07-24-dba_cs_268_5311_gen_inq_script","2018/07/24","dba_cs_268_5311_gen_inq_script","437","279","00:10:45","645","00:23:00","158","179,955"
"2018-07-25-dba_cs_268_5311_gen_inq_script","2018/07/25","dba_cs_268_5311_gen_inq_script","409","384","00:02:42","162","00:12:29","23","62,208"
"2018-07-26-dba_cs_268_5311_gen_inq_script","2018/07/26","dba_cs_268_5311_gen_inq_script","372","307","00:05:53","353","00:17:11","65","108,371"
"2018-07-27-dba_cs_268_5311_gen_inq_script","2018/07/27","dba_cs_268_5311_gen_inq_script","345","284","00:06:03","363","00:16:59","61","103,092"
"2018-07-30-dba_cs_268_5311_gen_inq_script","2018/07/30","dba_cs_268_5311_gen_inq_script","435","327","00:06:23","383","00:25:35","108","125,241"
"2018-07-31-dba_cs_268_5311_gen_inq_script","2018/07/31","dba_cs_268_5311_gen_inq_script","391","312","00:06:09","369","00:29:14","79","115,128"
"2018-08-01-dba_cs_268_5311_gen_inq_script","2018/08/01","dba_cs_268_5311_gen_inq_script","378","269","00:09:37","577","00:27:50","109","155,213"
"2018-08-02-dba_cs_268_5311_gen_inq_script","2018/08/02","dba_cs_268_5311_gen_inq_script","408","312","00:07:56","476","00:22:37","95","148,512"
"2018-08-03-dba_cs_268_5311_gen_inq_script","2018/08/03","dba_cs_268_5311_gen_inq_script","353","300","00:05:27","327","00:22:01","50","98,100"
"2018-08-06-dba_cs_268_5311_gen_inq_script","2018/08/06","dba_cs_268_5311_gen_inq_script","1","0","00:00:00","0","00:00:00","0","0"
"2018-08-07-dba_cs_268_5311_gen_inq_script","2018/08/07","dba_cs_268_5311_gen_inq_script","504","315","00:12:54","774","00:33:55","187","243,810"
"2018-08-08-dba_cs_268_5311_gen_inq_script","2018/08/08","dba_cs_268_5311_gen_inq_script","465","331","00:08:58","538","00:31:30","134","178,078"
"2018-08-09-dba_cs_268_5311_gen_inq_script","2018/08/09","dba_cs_268_5311_gen_inq_script","417","332","00:06:37","397","00:19:01","84","131,804"
"2018-08-10-dba_cs_268_5311_gen_inq_script","2018/08/10","dba_cs_268_5311_gen_inq_script","356","299","00:05:25","325","00:20:35","57","97,175"
"2018-08-13-dba_cs_268_5311_gen_inq_script","2018/08/13","dba_cs_268_5311_gen_inq_script","417","325","00:07:30","450","00:19:42","92","146,250"
"2018-08-14-dba_cs_268_5311_gen_inq_script","2018/08/14","dba_cs_268_5311_gen_inq_script","404","355","00:04:15","255","00:13:56","48","90,525"
"2018-08-15-dba_cs_268_5311_gen_inq_script","2018/08/15","dba_cs_268_5311_gen_inq_script","385","350","00:02:53","173","00:18:01","35","60,550"
"2018-08-16-dba_cs_268_5311_gen_inq_script","2018/08/16","dba_cs_268_5311_gen_inq_script","357","320","00:03:46","226","00:13:47","36","72,320"
"2018-08-17-dba_cs_268_5311_gen_inq_script","2018/08/17","dba_cs_268_5311_gen_inq_script","326","268","00:04:59","299","00:19:27","58","80,132"
"2018-08-20-dba_cs_268_5311_gen_inq_script","2018/08/20","dba_cs_268_5311_gen_inq_script","505","407","00:07:13","433","00:19:15","96","176,231"
"2018-08-21-dba_cs_268_5311_gen_inq_script","2018/08/21","dba_cs_268_5311_gen_inq_script","436","343","00:07:30","450","00:21:30","92","154,350"
"2018-08-22-dba_cs_268_5311_gen_inq_script","2018/08/22","dba_cs_268_5311_gen_inq_script","366","321","00:04:05","245","00:18:19","45","78,645"
"2018-08-23-dba_cs_268_5311_gen_inq_script","2018/08/23","dba_cs_268_5311_gen_inq_script","364","260","00:08:41","521","00:23:25","104","135,460"
"2018-08-24-dba_cs_268_5311_gen_inq_script","2018/08/24","dba_cs_268_5311_gen_inq_script","344","250","00:07:45","465","00:31:15","94","116,250"
"2018-08-27-dba_cs_268_5311_gen_inq_script","2018/08/27","dba_cs_268_5311_gen_inq_script","430","358","00:05:41","341","00:21:00","72","122,078"
"2018-08-28-dba_cs_268_5311_gen_inq_script","2018/08/28","dba_cs_268_5311_gen_inq_script","442","325","00:09:06","546","00:25:28","114","177,450"
"2018-08-29-dba_cs_268_5311_gen_inq_script","2018/08/29","dba_cs_268_5311_gen_inq_script","399","302","00:07:24","444","00:18:54","94","134,088"
"2018-08-30-dba_cs_268_5311_gen_inq_script","2018/08/30","dba_cs_268_5311_gen_inq_script","376","245","00:10:39","639","00:29:11","129","156,555"
"2018-08-31-dba_cs_268_5311_gen_inq_script","2018/08/31","dba_cs_268_5311_gen_inq_script","324","285","00:04:34","274","00:17:18","37","78,090"
"2018-09-03-dba_cs_268_5311_gen_inq_script","2018/09/03","dba_cs_268_5311_gen_inq_script","1","0","00:00:00","0","00:00:00","0","0"
"2018-09-04-dba_cs_268_5311_gen_inq_script","2018/09/04","dba_cs_268_5311_gen_inq_script","416","337","00:06:55","415","00:19:24","79","139,855"
"2018-09-05-dba_cs_268_5311_gen_inq_script","2018/09/05","dba_cs_268_5311_gen_inq_script","439","341","00:07:31","451","00:21:03","95","153,791"
"2018-09-06-dba_cs_268_5311_gen_inq_script","2018/09/06","dba_cs_268_5311_gen_inq_script","415","342","00:06:11","371","00:22:20","66","126,882"
"2018-09-07-dba_cs_268_5311_gen_inq_script","2018/09/07","dba_cs_268_5311_gen_inq_script","390","274","00:09:22","562","00:30:05","115","153,988"
"2018-09-10-dba_cs_268_5311_gen_inq_script","2018/09/10","dba_cs_268_5311_gen_inq_script","443","332","00:08:03","483","00:22:21","110","160,356"
"2018-09-11-dba_cs_268_5311_gen_inq_script","2018/09/11","dba_cs_268_5311_gen_inq_script","473","305","00:10:05","605","00:26:22","168","184,525"
"2018-09-12-dba_cs_268_5311_gen_inq_script","2018/09/12","dba_cs_268_5311_gen_inq_script","398","326","00:06:17","377","00:24:24","69","122,902"
"2018-09-13-dba_cs_268_5311_gen_inq_script","2018/09/13","dba_cs_268_5311_gen_inq_script","364","327","00:03:37","217","00:19:24","35","70,959"
"2018-09-14-dba_cs_268_5311_gen_inq_script","2018/09/14","dba_cs_268_5311_gen_inq_script","333","269","00:04:39","279","00:17:44","63","75,051"
"2018-09-17-dba_cs_268_5311_gen_inq_script","2018/09/17","dba_cs_268_5311_gen_inq_script","411","334","00:07:31","451","00:23:36","77","150,634"
"2018-09-18-dba_cs_268_5311_gen_inq_script","2018/09/18","dba_cs_268_5311_gen_inq_script","422","363","00:04:55","295","00:17:05","58","107,085"
"2018-09-19-dba_cs_268_5311_gen_inq_script","2018/09/19","dba_cs_268_5311_gen_inq_script","370","324","00:03:15","195","00:12:32","39","63,180"
"2018-09-20-dba_cs_268_5311_gen_inq_script","2018/09/20","dba_cs_268_5311_gen_inq_script","387","281","00:03:52","232","00:19:38","54","65,192"
"2018-09-21-dba_cs_268_5311_gen_inq_script","2018/09/21","dba_cs_268_5311_gen_inq_script","373","201","00:06:27","387","00:30:28","95","77,787"
"2018-09-24-dba_cs_268_5311_gen_inq_script","2018/09/24","dba_cs_268_5311_gen_inq_script","442","371","00:02:22","142","00:16:41","47","52,682"
"2018-09-25-dba_cs_268_5311_gen_inq_script","2018/09/25","dba_cs_268_5311_gen_inq_script","367","175","00:07:46","466","00:33:05","102","81,550"
"2018-09-26-dba_cs_268_5311_gen_inq_script","2018/09/26","dba_cs_268_5311_gen_inq_script","355","247","00:04:20","260","00:25:09","60","64,220"
"2018-09-27-dba_cs_268_5311_gen_inq_script","2018/09/27","dba_cs_268_5311_gen_inq_script","370","195","00:07:06","426","00:24:32","101","83,070"
"2018-09-28-dba_cs_268_5311_gen_inq_script","2018/09/28","dba_cs_268_5311_gen_inq_script","320","159","00:06:50","410","00:36:22","94","65,190"
"2018-10-01-dba_cs_268_5311_gen_inq_script","2018/10/01","dba_cs_268_5311_gen_inq_script","393","128","00:13:35","815","00:31:48","136","104,320"
"2018-10-02-dba_cs_268_5311_gen_inq_script","2018/10/02","dba_cs_268_5311_gen_inq_script","335","200","00:05:04","304","00:21:23","74","60,800"
"2018-10-03-dba_cs_268_5311_gen_inq_script","2018/10/03","dba_cs_268_5311_gen_inq_script","331","171","00:06:04","364","00:24:27","93","62,244"
"2018-10-04-dba_cs_268_5311_gen_inq_script","2018/10/04","dba_cs_268_5311_gen_inq_script","379","141","00:13:00","780","00:39:11","138","109,980"
"2018-10-05-dba_cs_268_5311_gen_inq_script","2018/10/05","dba_cs_268_5311_gen_inq_script","306","123","00:08:46","526","00:24:42","94","64,698"
"2018-10-08-dba_cs_268_5311_gen_inq_script","2018/10/08","dba_cs_268_5311_gen_inq_script","1","0","00:00:00","0","00:00:00","0","0"
"2018-10-09-dba_cs_268_5311_gen_inq_script","2018/10/09","dba_cs_268_5311_gen_inq_script","448","152","00:14:16","856","00:37:53","146","130,112"
"2018-10-10-dba_cs_268_5311_gen_inq_script","2018/10/10","dba_cs_268_5311_gen_inq_script","377","46","00:19:30","1,170","00:52:28","154","53,820"
"2018-10-11-dba_cs_268_5311_gen_inq_script","2018/10/11","dba_cs_268_5311_gen_inq_script","401","123","00:06:39","399","00:31:53","129","49,077"
"2018-10-12-dba_cs_268_5311_gen_inq_script","2018/10/12","dba_cs_268_5311_gen_inq_script","363","120","00:07:50","470","00:26:00","109","56,400"
"2018-10-15-dba_cs_268_5311_gen_inq_script","2018/10/15","dba_cs_268_5311_gen_inq_script","454","105","00:09:03","543","00:35:29","154","57,015"
"2018-10-16-dba_cs_268_5311_gen_inq_script","2018/10/16","dba_cs_268_5311_gen_inq_script","403","88","00:09:33","573","00:28:28","160","50,424"
"2018-10-17-dba_cs_268_5311_gen_inq_script","2018/10/17","dba_cs_268_5311_gen_inq_script","408","107","00:08:16","496","00:33:10","151","53,072"
"2018-10-18-dba_cs_268_5311_gen_inq_script","2018/10/18","dba_cs_268_5311_gen_inq_script","368","90","00:10:37","637","00:41:05","131","57,330"
"2018-10-19-dba_cs_268_5311_gen_inq_script","2018/10/19","dba_cs_268_5311_gen_inq_script","343","60","00:12:53","773","01:02:12","139","46,380"
"2018-10-22-dba_cs_268_5311_gen_inq_script","2018/10/22","dba_cs_268_5311_gen_inq_script","456","85","00:13:01","781","00:30:20","189","66,385"
"2018-10-23-dba_cs_268_5311_gen_inq_script","2018/10/23","dba_cs_268_5311_gen_inq_script","455","107","00:09:39","579","00:28:39","184","61,953"
"2018-10-24-dba_cs_268_5311_gen_inq_script","2018/10/24","dba_cs_268_5311_gen_inq_script","361","105","00:06:43","403","00:39:15","114","42,315"
"2018-10-25-dba_cs_268_5311_gen_inq_script","2018/10/25","dba_cs_268_5311_gen_inq_script","395","63","00:16:52","1,012","01:02:28","171","63,756"
"2018-10-26-dba_cs_268_5311_gen_inq_script","2018/10/26","dba_cs_268_5311_gen_inq_script","352","53","00:13:51","831","00:50:50","136","44,043"
"2018-10-29-dba_cs_268_5311_gen_inq_script","2018/10/29","dba_cs_268_5311_gen_inq_script","450","56","00:20:04","1,204","00:49:34","171","67,424"
"2018-10-30-dba_cs_268_5311_gen_inq_script","2018/10/30","dba_cs_268_5311_gen_inq_script","319","72","00:08:48","528","00:32:59","125","38,016"
"2018-10-31-dba_cs_268_5311_gen_inq_script","2018/10/31","dba_cs_268_5311_gen_inq_script","340","131","00:06:50","410","00:27:59","108","53,710"
"2018-11-01-dba_cs_268_5311_gen_inq_script","2018/11/01","dba_cs_268_5311_gen_inq_script","316","191","00:02:43","163","00:16:48","67","31,133"
"2018-11-02-dba_cs_268_5311_gen_inq_script","2018/11/02","dba_cs_268_5311_gen_inq_script","337","68","00:13:18","798","00:53:24","114","54,264"
"2018-11-05-dba_cs_268_5311_gen_inq_script","2018/11/05","dba_cs_268_5311_gen_inq_script","398","133","00:07:47","467","00:23:38","117","62,111"
"2018-11-06-dba_cs_268_5311_gen_inq_script","2018/11/06","dba_cs_268_5311_gen_inq_script","355","79","00:09:01","541","00:47:39","135","42,739"
"2018-11-07-dba_cs_268_5311_gen_inq_script","2018/11/07","dba_cs_268_5311_gen_inq_script","319","55","00:13:41","821","00:35:58","122","45,155"
"2018-11-08-dba_cs_268_5311_gen_inq_script","2018/11/08","dba_cs_268_5311_gen_inq_script","326","96","00:08:01","481","00:32:39","110","46,176"
"2018-11-09-dba_cs_268_5311_gen_inq_script","2018/11/09","dba_cs_268_5311_gen_inq_script","324","129","00:06:58","418","00:25:41","98","53,922"
"2018-11-12-dba_cs_268_5311_gen_inq_script","2018/11/12","dba_cs_268_5311_gen_inq_script","231","93","00:07:40","460","00:31:45","62","42,780"
"2018-11-13-dba_cs_268_5311_gen_inq_script","2018/11/13","dba_cs_268_5311_gen_inq_script","362","70","00:12:52","772","01:23:20","147","54,040"
"2018-11-14-dba_cs_268_5311_gen_inq_script","2018/11/14","dba_cs_268_5311_gen_inq_script","368","69","00:10:18","618","00:58:13","140","42,642"
"2018-11-15-dba_cs_268_5311_gen_inq_script","2018/11/15","dba_cs_268_5311_gen_inq_script","354","105","00:07:50","470","00:47:51","107","49,350"
"2018-11-16-dba_cs_268_5311_gen_inq_script","2018/11/16","dba_cs_268_5311_gen_inq_script","305","51","00:20:58","1,258","00:51:45","126","64,158"
"2018-11-19-dba_cs_268_5311_gen_inq_script","2018/11/19","dba_cs_268_5311_gen_inq_script","399","154","00:04:11","251","00:28:07","134","38,654"
"2018-11-20-dba_cs_268_5311_gen_inq_script","2018/11/20","dba_cs_268_5311_gen_inq_script","348","132","00:05:59","359","00:31:15","102","47,388"
"2018-11-21-dba_cs_268_5311_gen_inq_script","2018/11/21","dba_cs_268_5311_gen_inq_script","329","140","00:06:46","406","00:23:10","83","56,840"
"2018-11-22-dba_cs_268_5311_gen_inq_script","2018/11/22","dba_cs_268_5311_gen_inq_script","299","131","00:03:50","230","00:22:44","72","30,130"
"2018-11-23-dba_cs_268_5311_gen_inq_script","2018/11/23","dba_cs_268_5311_gen_inq_script","284","95","00:05:54","354","00:45:03","96","33,630"
"2018-11-26-dba_cs_268_5311_gen_inq_script","2018/11/26","dba_cs_268_5311_gen_inq_script","405","41","00:23:43","1,423","01:11:48","161","58,343"
"2018-11-27-dba_cs_268_5311_gen_inq_script","2018/11/27","dba_cs_268_5311_gen_inq_script","353","75","00:10:19","619","00:35:49","132","46,425"
"2018-11-28-dba_cs_268_5311_gen_inq_script","2018/11/28","dba_cs_268_5311_gen_inq_script","371","45","00:21:07","1,267","01:45:01","171","57,015"
"2018-11-29-dba_cs_268_5311_gen_inq_script","2018/11/29","dba_cs_268_5311_gen_inq_script","372","39","00:16:22","982","01:20:47","165","38,298"
"2018-11-30-dba_cs_268_5311_gen_inq_script","2018/11/30","dba_cs_268_5311_gen_inq_script","309","56","00:12:09","729","00:53:39","120","40,824"
"2018-12-03-dba_cs_268_5311_gen_inq_script","2018/12/03","dba_cs_268_5311_gen_inq_script","383","83","00:09:24","564","00:44:40","142","46,812"
"2018-12-04-dba_cs_268_5311_gen_inq_script","2018/12/04","dba_cs_268_5311_gen_inq_script","366","115","00:05:26","326","00:47:00","110","37,490"
"2018-12-05-dba_cs_268_5311_gen_inq_script","2018/12/05","dba_cs_268_5311_gen_inq_script","287","125","00:02:59","179","00:20:35","67","22,375"
"2018-12-06-dba_cs_268_5311_gen_inq_script","2018/12/06","dba_cs_268_5311_gen_inq_script","251","201","00:01:37","97","00:25:34","25","19,497"
"2018-12-07-dba_cs_268_5311_gen_inq_script","2018/12/07","dba_cs_268_5311_gen_inq_script","233","141","00:03:42","222","00:16:38","44","31,302"
"2018-12-10-dba_cs_268_5311_gen_inq_script","2018/12/10","dba_cs_268_5311_gen_inq_script","326","146","00:03:25","205","00:18:18","77","29,930"
"2018-12-11-dba_cs_268_5311_gen_inq_script","2018/12/11","dba_cs_268_5311_gen_inq_script","324","187","00:02:09","129","00:12:43","61","24,123"
"2018-12-12-dba_cs_268_5311_gen_inq_script","2018/12/12","dba_cs_268_5311_gen_inq_script","270","220","00:01:46","106","00:12:32","21","23,320"
"2018-12-13-dba_cs_268_5311_gen_inq_script","2018/12/13","dba_cs_268_5311_gen_inq_script","281","213","00:01:32","92","00:16:41","39","19,596"
"2018-12-14-dba_cs_268_5311_gen_inq_script","2018/12/14","dba_cs_268_5311_gen_inq_script","249","144","00:04:05","245","00:16:56","62","35,280"
"2018-12-17-dba_cs_268_5311_gen_inq_script","2018/12/17","dba_cs_268_5311_gen_inq_script","319","143","00:04:04","244","00:20:01","81","34,892"
"2018-12-18-dba_cs_268_5311_gen_inq_script","2018/12/18","dba_cs_268_5311_gen_inq_script","274","236","00:01:20","80","00:10:04","18","18,880"
"2018-12-19-dba_cs_268_5311_gen_inq_script","2018/12/19","dba_cs_268_5311_gen_inq_script","241","145","00:02:38","158","00:20:28","34","22,910"
"2018-12-20-dba_cs_268_5311_gen_inq_script","2018/12/20","dba_cs_268_5311_gen_inq_script","259","167","00:02:43","163","00:22:07","41","27,221"
"2018-12-21-dba_cs_268_5311_gen_inq_script","2018/12/21","dba_cs_268_5311_gen_inq_script","192","132","00:02:09","129","00:18:01","25","17,028"
"2018-12-24-dba_cs_268_5311_gen_inq_script","2018/12/24","dba_cs_268_5311_gen_inq_script","67","58","00:00:40","40","00:10:27","2","2,320"
"2018-12-25-dba_cs_268_5311_gen_inq_script","2018/12/25","dba_cs_268_5311_gen_inq_script","0","0","00:00:00","0","00:00:00","0","0"
"2018-12-26-dba_cs_268_5311_gen_inq_script","2018/12/26","dba_cs_268_5311_gen_inq_script","0","0","00:00:00","0","00:00:00","0","0"
"2018-12-27-dba_cs_268_5311_gen_inq_script","2018/12/27","dba_cs_268_5311_gen_inq_script","180","106","00:02:50","170","00:21:20","41","18,020"
"2018-12-28-dba_cs_268_5311_gen_inq_script","2018/12/28","dba_cs_268_5311_gen_inq_script","166","78","00:03:44","224","00:19:24","45","17,472"
"2018-12-31-dba_cs_268_5311_gen_inq_script","2018/12/31","dba_cs_268_5311_gen_inq_script","127","95","00:01:38","98","00:13:53","15","9,310"
"2019-01-01-dba_cs_268_5311_gen_inq_script","2019/01/01","dba_cs_268_5311_gen_inq_script","0","0","00:00:00","0","00:00:00","0","0"
"2019-01-02-dba_cs_268_5311_gen_inq_script","2019/01/02","dba_cs_268_5311_gen_inq_script","272","209","00:01:27","87","00:12:51","32","18,183"
"2019-01-03-dba_cs_268_5311_gen_inq_script","2019/01/03","dba_cs_268_5311_gen_inq_script","282","98","00:04:24","264","00:45:11","90","25,872"
"2019-01-04-dba_cs_268_5311_gen_inq_script","2019/01/04","dba_cs_268_5311_gen_inq_script","275","103","00:04:32","272","00:18:44","90","28,016"
"2019-01-07-dba_cs_268_5311_gen_inq_script","2019/01/07","dba_cs_268_5311_gen_inq_script","423","270","00:02:07","127","00:09:16","81","34,290"
"2019-01-08-dba_cs_268_5311_gen_inq_script","2019/01/08","dba_cs_268_5311_gen_inq_script","303","186","00:03:18","198","00:18:06","67","36,828"
"2019-01-09-dba_cs_268_5311_gen_inq_script","2019/01/09","dba_cs_268_5311_gen_inq_script","282","252","00:01:21","81","00:07:55","19","20,412"
"2019-01-10-dba_cs_268_5311_gen_inq_script","2019/01/10","dba_cs_268_5311_gen_inq_script","321","283","00:01:48","108","00:13:20","28","30,564"
"2019-01-11-dba_cs_268_5311_gen_inq_script","2019/01/11","dba_cs_268_5311_gen_inq_script","295","194","00:03:39","219","00:17:23","68","42,486"
"2019-01-14-dba_cs_268_5311_gen_inq_script","2019/01/14","dba_cs_268_5311_gen_inq_script","362","248","00:03:29","209","00:18:30","68","51,832"
"2019-01-15-dba_cs_268_5311_gen_inq_script","2019/01/15","dba_cs_268_5311_gen_inq_script","370","204","00:05:11","311","00:20:21","97","63,444"
"2019-01-16-dba_cs_268_5311_gen_inq_script","2019/01/16","dba_cs_268_5311_gen_inq_script","324","166","00:04:56","296","00:21:45","97","49,136"
"2019-01-17-dba_cs_268_5311_gen_inq_script","2019/01/17","dba_cs_268_5311_gen_inq_script","315","157","00:06:03","363","00:22:06","97","56,991"
"2019-01-18-dba_cs_268_5311_gen_inq_script","2019/01/18","dba_cs_268_5311_gen_inq_script","269","187","00:03:25","205","00:34:12","48","38,335"
"2019-01-21-dba_cs_268_5311_gen_inq_script","2019/01/21","dba_cs_268_5311_gen_inq_script","355","207","00:04:28","268","00:20:36","89","55,476"
"2019-01-22-dba_cs_268_5311_gen_inq_script","2019/01/22","dba_cs_268_5311_gen_inq_script","375","148","00:06:04","364","00:38:39","123","53,872"
"2019-01-23-dba_cs_268_5311_gen_inq_script","2019/01/23","dba_cs_268_5311_gen_inq_script","321","145","00:06:20","380","00:31:29","101","55,100"
"2019-01-24-dba_cs_268_5311_gen_inq_script","2019/01/24","dba_cs_268_5311_gen_inq_script","283","245","00:02:10","130","00:10:59","28","31,850"
"2019-01-25-dba_cs_268_5311_gen_inq_script","2019/01/25","dba_cs_268_5311_gen_inq_script","306","168","00:03:57","237","00:18:38","96","39,816"
"2019-01-28-dba_cs_268_5311_gen_inq_script","2019/01/28","dba_cs_268_5311_gen_inq_script","400","150","00:05:34","334","00:23:50","143","50,100"
"2019-01-29-dba_cs_268_5311_gen_inq_script","2019/01/29","dba_cs_268_5311_gen_inq_script","328","130","00:07:10","430","00:34:44","129","55,900"
"2019-01-30-dba_cs_268_5311_gen_inq_script","2019/01/30","dba_cs_268_5311_gen_inq_script","352","114","00:07:59","479","00:28:03","140","54,606"
"2019-01-31-dba_cs_268_5311_gen_inq_script","2019/01/31","dba_cs_268_5311_gen_inq_script","358","112","00:08:22","502","00:36:42","138","56,224"
"2019-02-01-dba_cs_268_5311_gen_inq_script","2019/02/01","dba_cs_268_5311_gen_inq_script","293","170","00:04:15","255","00:15:21","70","43,350"
"2019-02-04-dba_cs_268_5311_gen_inq_script","2019/02/04","dba_cs_268_5311_gen_inq_script","321","188","00:03:41","221","00:22:21","83","41,548"
"2019-02-05-dba_cs_268_5311_gen_inq_script","2019/02/05","dba_cs_268_5311_gen_inq_script","289","115","00:05:20","320","00:27:05","101","36,800"
"2019-02-06-dba_cs_268_5311_gen_inq_script","2019/02/06","dba_cs_268_5311_gen_inq_script","295","197","00:03:47","227","00:17:49","60","44,719"
"2019-02-07-dba_cs_268_5311_gen_inq_script","2019/02/07","dba_cs_268_5311_gen_inq_script","288","121","00:04:41","281","00:29:08","100","34,001"
"2019-02-08-dba_cs_268_5311_gen_inq_script","2019/02/08","dba_cs_268_5311_gen_inq_script","232","112","00:06:28","388","00:25:33","66","43,456"
"2019-02-11-dba_cs_268_5311_gen_inq_script","2019/02/11","dba_cs_268_5311_gen_inq_script","267","151","00:04:42","282","00:15:48","63","42,582"
"2019-02-12-dba_cs_268_5311_gen_inq_script","2019/02/12","dba_cs_268_5311_gen_inq_script","276","159","00:04:53","293","00:14:41","47","46,587"
"2019-02-13-dba_cs_268_5311_gen_inq_script","2019/02/13","dba_cs_268_5311_gen_inq_script","273","215","00:02:07","127","00:15:31","46","27,305"
"2019-02-14-dba_cs_268_5311_gen_inq_script","2019/02/14","dba_cs_268_5311_gen_inq_script","232","180","00:01:42","102","00:15:09","34","18,360"
"2019-02-15-dba_cs_268_5311_gen_inq_script","2019/02/15","dba_cs_268_5311_gen_inq_script","201","180","00:01:33","93","00:11:39","16","16,740"
"2019-02-18-dba_cs_268_5311_gen_inq_script","2019/02/18","dba_cs_268_5311_gen_inq_script","0","0","00:00:00","0","00:00:00","0","0"
"2019-02-19-dba_cs_268_5311_gen_inq_script","2019/02/19","dba_cs_268_5311_gen_inq_script","321","151","00:06:11","371","00:29:41","111","56,021"
"2019-02-20-dba_cs_268_5311_gen_inq_script","2019/02/20","dba_cs_268_5311_gen_inq_script","297","132","00:05:38","338","00:25:21","102","44,616"
"2019-02-21-dba_cs_268_5311_gen_inq_script","2019/02/21","dba_cs_268_5311_gen_inq_script","252","181","00:03:44","224","00:26:07","45","40,544"
"2019-02-22-dba_cs_268_5311_gen_inq_script","2019/02/22","dba_cs_268_5311_gen_inq_script","265","133","00:05:14","314","00:26:05","71","41,762"
"2019-02-25-dba_cs_268_5311_gen_inq_script","2019/02/25","dba_cs_268_5311_gen_inq_script","340","93","00:07:21","441","00:43:45","150","41,013"
"2019-02-26-dba_cs_268_5311_gen_inq_script","2019/02/26","dba_cs_268_5311_gen_inq_script","327","90","00:06:16","376","00:33:07","142","33,840"
"2019-02-27-dba_cs_268_5311_gen_inq_script","2019/02/27","dba_cs_268_5311_gen_inq_script","248","167","00:03:32","212","00:16:42","53","35,404"
"2019-02-28-dba_cs_268_5311_gen_inq_script","2019/02/28","dba_cs_268_5311_gen_inq_script","247","81","00:06:47","407","00:56:38","94","32,967"
"2019-03-01-dba_cs_268_5311_gen_inq_script","2019/03/01","dba_cs_268_5311_gen_inq_script","297","150","00:05:33","333","00:24:14","93","49,950"
"2019-03-04-dba_cs_268_5311_gen_inq_script","2019/03/04","dba_cs_268_5311_gen_inq_script","320","253","00:03:24","204","00:12:38","43","51,612"
"2019-03-05-dba_cs_268_5311_gen_inq_script","2019/03/05","dba_cs_268_5311_gen_inq_script","316","183","00:03:43","223","00:18:21","82","40,809"
"2019-03-06-dba_cs_268_5311_gen_inq_script","2019/03/06","dba_cs_268_5311_gen_inq_script","301","232","00:02:59","179","00:19:35","43","41,528"
"2019-03-07-dba_cs_268_5311_gen_inq_script","2019/03/07","dba_cs_268_5311_gen_inq_script","294","191","00:03:16","196","00:15:47","63","37,436"
"2019-03-08-dba_cs_268_5311_gen_inq_script","2019/03/08","dba_cs_268_5311_gen_inq_script","246","190","00:02:54","174","00:14:34","38","33,060"
"2019-03-11-dba_cs_268_5311_gen_inq_script","2019/03/11","dba_cs_268_5311_gen_inq_script","329","153","00:04:00","240","00:15:02","95","36,720"
"2019-03-12-dba_cs_268_5311_gen_inq_script","2019/03/12","dba_cs_268_5311_gen_inq_script","301","121","00:06:10","370","00:29:47","118","44,770"
"2019-03-13-dba_cs_268_5311_gen_inq_script","2019/03/13","dba_cs_268_5311_gen_inq_script","322","103","00:08:56","536","00:52:11","127","55,208"
"2019-03-14-dba_cs_268_5311_gen_inq_script","2019/03/14","dba_cs_268_5311_gen_inq_script","344","105","00:07:53","473","00:36:35","144","49,665"
"2019-03-15-dba_cs_268_5311_gen_inq_script","2019/03/15","dba_cs_268_5311_gen_inq_script","308","62","00:10:47","647","00:53:26","147","40,114"
"2019-03-18-dba_cs_268_5311_gen_inq_script","2019/03/18","dba_cs_268_5311_gen_inq_script","403","118","00:10:07","607","00:47:10","172","71,626"
"2019-03-19-dba_cs_268_5311_gen_inq_script","2019/03/19","dba_cs_268_5311_gen_inq_script","366","145","00:05:23","323","00:18:53","150","46,835"
"2019-03-20-dba_cs_268_5311_gen_inq_script","2019/03/20","dba_cs_268_5311_gen_inq_script","358","100","00:10:29","629","00:29:30","161","62,900"
"2019-03-21-dba_cs_268_5311_gen_inq_script","2019/03/21","dba_cs_268_5311_gen_inq_script","319","131","00:05:10","310","00:54:39","102","40,610"
"2019-03-22-dba_cs_268_5311_gen_inq_script","2019/03/22","dba_cs_268_5311_gen_inq_script","300","108","00:05:47","347","00:36:12","106","37,476"
"2019-03-25-dba_cs_268_5311_gen_inq_script","2019/03/25","dba_cs_268_5311_gen_inq_script","383","155","00:05:35","335","00:29:00","131","51,925"
"2019-03-26-dba_cs_268_5311_gen_inq_script","2019/03/26","dba_cs_268_5311_gen_inq_script","333","155","00:05:34","334","00:20:31","99","51,770"
"2019-03-27-dba_cs_268_5311_gen_inq_script","2019/03/27","dba_cs_268_5311_gen_inq_script","367","98","00:09:46","586","00:54:16","159","57,428"
"2019-03-28-dba_cs_268_5311_gen_inq_script","2019/03/28","dba_cs_268_5311_gen_inq_script","332","139","00:05:03","303","00:22:13","128","42,117"
"2019-03-29-dba_cs_268_5311_gen_inq_script","2019/03/29","dba_cs_268_5311_gen_inq_script","284","180","00:04:40","280","00:19:49","64","50,400"
"2019-04-01-dba_cs_268_5311_gen_inq_script","2019/04/01","dba_cs_268_5311_gen_inq_script","371","245","00:03:09","189","00:19:00","82","46,305"
"2019-04-02-dba_cs_268_5311_gen_inq_script","2019/04/02","dba_cs_268_5311_gen_inq_script","345","137","00:06:29","389","00:36:56","112","53,293"
"2019-04-03-dba_cs_268_5311_gen_inq_script","2019/04/03","dba_cs_268_5311_gen_inq_script","339","166","00:05:25","325","00:33:44","107","53,950"
"2019-04-04-dba_cs_268_5311_gen_inq_script","2019/04/04","dba_cs_268_5311_gen_inq_script","303","196","00:03:40","220","00:25:04","69","43,120"
"2019-04-05-dba_cs_268_5311_gen_inq_script","2019/04/05","dba_cs_268_5311_gen_inq_script","285","184","00:03:20","200","00:21:17","64","36,800"
"2019-04-08-dba_cs_268_5311_gen_inq_script","2019/04/08","dba_cs_268_5311_gen_inq_script","381","275","00:02:50","170","00:15:43","60","46,750"
"2019-04-09-dba_cs_268_5311_gen_inq_script","2019/04/09","dba_cs_268_5311_gen_inq_script","351","243","00:03:41","221","00:17:50","71","53,703"
"2019-04-10-dba_cs_268_5311_gen_inq_script","2019/04/10","dba_cs_268_5311_gen_inq_script","328","247","00:03:39","219","00:20:44","50","54,093"
"2019-04-11-dba_cs_268_5311_gen_inq_script","2019/04/11","dba_cs_268_5311_gen_inq_script","328","254","00:03:36","216","00:15:54","47","54,864"
"2019-04-12-dba_cs_268_5311_gen_inq_script","2019/04/12","dba_cs_268_5311_gen_inq_script","324","199","00:03:18","198","00:17:46","75","39,402"
"2019-04-15-dba_cs_268_5311_gen_inq_script","2019/04/15","dba_cs_268_5311_gen_inq_script","408","148","00:05:44","344","00:23:49","159","50,912"
"2019-04-17-dba_cs_268_5311_gen_inq_script","2019/04/17","dba_cs_268_5311_gen_inq_script","387","254","00:02:03","123","00:28:28","72","31,242"
"2019-04-18-dba_cs_268_5311_gen_inq_script","2019/04/18","dba_cs_268_5311_gen_inq_script","351","147","00:07:06","426","00:24:17","121","62,622"
"2019-04-19-dba_cs_268_5311_gen_inq_script","2019/04/19","dba_cs_268_5311_gen_inq_script","0","0","00:00:00","0","00:00:00","0","0"
"2019-04-22-dba_cs_268_5311_gen_inq_script","2019/04/22","dba_cs_268_5311_gen_inq_script","0","0","00:00:00","0","00:00:00","0","0"
"2019-04-23-dba_cs_268_5311_gen_inq_script","2019/04/23","dba_cs_268_5311_gen_inq_script","417","179","00:05:28","328","00:23:35","148","58,712"
"2019-04-24-dba_cs_268_5311_gen_inq_script","2019/04/24","dba_cs_268_5311_gen_inq_script","336","218","00:04:20","260","00:15:38","76","56,680"
"2019-04-25-dba_cs_268_5311_gen_inq_script","2019/04/25","dba_cs_268_5311_gen_inq_script","313","157","00:05:44","344","00:21:56","85","54,008"
"2019-04-26-dba_cs_268_5311_gen_inq_script","2019/04/26","dba_cs_268_5311_gen_inq_script","309","124","00:06:54","414","00:36:47","111","51,336"
"2019-04-29-dba_cs_268_5311_gen_inq_script","2019/04/29","dba_cs_268_5311_gen_inq_script","370","207","00:05:06","306","00:17:55","97","63,342"
"2019-04-30-dba_cs_268_5311_gen_inq_script","2019/04/30","dba_cs_268_5311_gen_inq_script","350","133","00:08:16","496","00:30:52","121","65,968"
"2019-05-01-dba_cs_268_5311_gen_inq_script","2019/05/01","dba_cs_268_5311_gen_inq_script","324","129","00:05:55","355","00:24:50","120","45,795"
"2019-05-02-dba_cs_268_5311_gen_inq_script","2019/05/02","dba_cs_268_5311_gen_inq_script","340","161","00:05:51","351","00:22:30","95","56,511"
"2019-05-03-dba_cs_268_5311_gen_inq_script","2019/05/03","dba_cs_268_5311_gen_inq_script","288","141","00:06:31","391","00:31:55","94","55,131"
"2019-05-06-dba_cs_268_5311_gen_inq_script","2019/05/06","dba_cs_268_5311_gen_inq_script","421","182","00:05:40","340","00:17:48","148","61,880"
"2019-05-07-dba_cs_268_5311_gen_inq_script","2019/05/07","dba_cs_268_5311_gen_inq_script","368","201","00:04:25","265","00:21:34","105","53,265"
"2019-05-08-dba_cs_268_5311_gen_inq_script","2019/05/08","dba_cs_268_5311_gen_inq_script","325","121","00:07:11","431","00:26:33","120","52,151"
"2019-05-09-dba_cs_268_5311_gen_inq_script","2019/05/09","dba_cs_268_5311_gen_inq_script","309","148","00:05:03","303","00:28:45","89","44,844"
"2019-05-10-dba_cs_268_5311_gen_inq_script","2019/05/10","dba_cs_268_5311_gen_inq_script","325","219","00:03:12","192","00:26:45","60","42,048"
"2019-05-13-dba_cs_268_5311_gen_inq_script","2019/05/13","dba_cs_268_5311_gen_inq_script","359","193","00:03:49","229","00:29:47","110","44,197"
"2019-05-14-dba_cs_268_5311_gen_inq_script","2019/05/14","dba_cs_268_5311_gen_inq_script","373","189","00:04:44","284","00:18:06","122","53,676"
"2019-05-15-dba_cs_268_5311_gen_inq_script","2019/05/15","dba_cs_268_5311_gen_inq_script","329","114","00:07:50","470","00:41:36","137","53,580"
"2019-05-16-dba_cs_268_5311_gen_inq_script","2019/05/16","dba_cs_268_5311_gen_inq_script","364","139","00:06:37","397","00:41:28","125","55,183"
"2019-05-17-dba_cs_268_5311_gen_inq_script","2019/05/17","dba_cs_268_5311_gen_inq_script","255","118","00:04:16","256","00:25:34","80","30,208"
"2019-05-20-dba_cs_268_5311_gen_inq_script","2019/05/20","dba_cs_268_5311_gen_inq_script","1","0","00:00:00","0","00:00:00","0","0"
"2019-05-21-dba_cs_268_5311_gen_inq_script","2019/05/21","dba_cs_268_5311_gen_inq_script","396","150","00:07:41","461","00:47:26","143","69,150"
"2019-05-22-dba_cs_268_5311_gen_inq_script","2019/05/22","dba_cs_268_5311_gen_inq_script","370","190","00:05:08","308","00:27:35","102","58,520"
"2019-05-23-dba_cs_268_5311_gen_inq_script","2019/05/23","dba_cs_268_5311_gen_inq_script","392","130","00:09:00","540","00:28:52","169","70,200"
"2019-05-24-dba_cs_268_5311_gen_inq_script","2019/05/24","dba_cs_268_5311_gen_inq_script","315","185","00:04:11","251","00:20:31","77","46,435"
"2019-05-27-dba_cs_268_5311_gen_inq_script","2019/05/27","dba_cs_268_5311_gen_inq_script","420","181","00:04:18","258","00:20:29","143","46,698"
"2019-05-28-dba_cs_268_5311_gen_inq_script","2019/05/28","dba_cs_268_5311_gen_inq_script","293","130","00:06:18","378","00:27:38","108","49,140"
"2019-05-29-dba_cs_268_5311_gen_inq_script","2019/05/29","dba_cs_268_5311_gen_inq_script","315","138","00:05:55","355","00:26:09","88","48,990"
"2019-05-30-dba_cs_268_5311_gen_inq_script","2019/05/30","dba_cs_268_5311_gen_inq_script","446","153","00:05:02","302","00:22:13","87","46,206"
"2019-05-31-dba_cs_268_5311_gen_inq_script","2019/05/31","dba_cs_268_5311_gen_inq_script","274","226","00:02:15","135","00:13:47","28","30,510"
"2019-06-03-dba_cs_268_5311_gen_inq_script","2019/06/03","dba_cs_268_5311_gen_inq_script","374","92","00:08:10","490","00:32:11","165","45,080"
"2019-06-04-dba_cs_268_5311_gen_inq_script","2019/06/04","dba_cs_268_5311_gen_inq_script","323","76","00:10:51","651","00:52:30","125","49,476"
"2019-06-05-dba_cs_268_5311_gen_inq_script","2019/06/05","dba_cs_268_5311_gen_inq_script","358","130","00:06:20","380","00:27:53","131","49,400"
"2019-06-06-dba_cs_268_5311_gen_inq_script","2019/06/06","dba_cs_268_5311_gen_inq_script","305","102","00:08:05","485","00:31:51","110","49,470"
"2019-06-07-dba_cs_268_5311_gen_inq_script","2019/06/07","dba_cs_268_5311_gen_inq_script","337","147","00:06:00","360","00:24:52","107","52,920"
"2019-06-10-dba_cs_268_5311_gen_inq_script","2019/06/10","dba_cs_268_5311_gen_inq_script","388","134","00:06:49","409","00:27:07","130","54,806"
"2019-06-11-dba_cs_268_5311_gen_inq_script","2019/06/11","dba_cs_268_5311_gen_inq_script","377","165","00:05:31","331","00:29:35","127","54,615"
"2019-06-12-dba_cs_268_5311_gen_inq_script","2019/06/12","dba_cs_268_5311_gen_inq_script","404","174","00:04:43","283","00:30:20","140","49,242"
"2019-06-13-dba_cs_268_5311_gen_inq_script","2019/06/13","dba_cs_268_5311_gen_inq_script","325","129","00:04:46","286","00:38:55","106","36,894"
"2019-06-14-dba_cs_268_5311_gen_inq_script","2019/06/14","dba_cs_268_5311_gen_inq_script","302","137","00:04:54","294","00:24:11","89","40,278"
"2019-06-17-dba_cs_268_5311_gen_inq_script","2019/06/17","dba_cs_268_5311_gen_inq_script","417","128","00:07:42","462","00:40:54","154","59,136"
"2019-06-18-dba_cs_268_5311_gen_inq_script","2019/06/18","dba_cs_268_5311_gen_inq_script","324","117","00:07:16","436","00:30:24","123","51,012"
"2019-06-19-dba_cs_268_5311_gen_inq_script","2019/06/19","dba_cs_268_5311_gen_inq_script","337","195","00:04:27","267","00:31:57","91","52,065"
"2019-06-20-dba_cs_268_5311_gen_inq_script","2019/06/20","dba_cs_268_5311_gen_inq_script","311","236","00:02:56","176","00:14:53","41","41,536"
"2019-06-21-dba_cs_268_5311_gen_inq_script","2019/06/21","dba_cs_268_5311_gen_inq_script","277","174","00:05:03","303","00:17:54","59","52,722"
"2019-06-24-dba_cs_268_5311_gen_inq_script","2019/06/24","dba_cs_268_5311_gen_inq_script","424","260","00:03:19","199","00:22:40","103","51,740"
"2019-06-25-dba_cs_268_5311_gen_inq_script","2019/06/25","dba_cs_268_5311_gen_inq_script","276","218","00:02:40","160","00:16:51","37","34,880"
"2019-06-26-dba_cs_268_5311_gen_inq_script","2019/06/26","dba_cs_268_5311_gen_inq_script","288","248","00:01:22","82","00:10:32","24","20,336"
"2019-06-27-dba_cs_268_5311_gen_inq_script","2019/06/27","dba_cs_268_5311_gen_inq_script","260","241","00:01:30","90","00:10:39","11","21,690"
"2019-06-28-dba_cs_268_5311_gen_inq_script","2019/06/28","dba_cs_268_5311_gen_inq_script","233","168","00:02:03","123","00:25:06","39","20,664"
"2019-07-01-dba_cs_268_5311_gen_inq_script","2019/07/01","dba_cs_268_5311_gen_inq_script","0","0","00:00:00","0","00:00:00","0","0"
"2019-07-02-dba_cs_268_5311_gen_inq_script","2019/07/02","dba_cs_268_5311_gen_inq_script","298","271","00:01:30","90","00:14:46","18","24,390"
"2019-07-03-dba_cs_268_5311_gen_inq_script","2019/07/03","dba_cs_268_5311_gen_inq_script","308","237","00:01:55","115","00:19:00","39","27,255"
"2019-07-04-dba_cs_268_5311_gen_inq_script","2019/07/04","dba_cs_268_5311_gen_inq_script","308","189","00:04:48","288","00:21:32","65","54,432"
"2019-07-05-dba_cs_268_5311_gen_inq_script","2019/07/05","dba_cs_268_5311_gen_inq_script","243","143","00:03:17","197","00:20:17","55","28,171"
"2019-07-08-dba_cs_268_5311_gen_inq_script","2019/07/08","dba_cs_268_5311_gen_inq_script","391","224","00:03:36","216","00:20:28","90","48,384"
"2019-07-09-dba_cs_268_5311_gen_inq_script","2019/07/09","dba_cs_268_5311_gen_inq_script","310","208","00:02:57","177","00:20:01","65","36,816"
"2019-07-10-dba_cs_268_5311_gen_inq_script","2019/07/10","dba_cs_268_5311_gen_inq_script","329","180","00:04:30","270","00:27:56","88","48,600"
"2019-07-11-dba_cs_268_5311_gen_inq_script","2019/07/11","dba_cs_268_5311_gen_inq_script","297","207","00:03:57","237","00:20:19","58","49,059"
"2019-07-12-dba_cs_268_5311_gen_inq_script","2019/07/12","dba_cs_268_5311_gen_inq_script","324","185","00:04:33","273","00:20:57","78","50,505"
"2019-07-15-dba_cs_268_5311_gen_inq_script","2019/07/15","dba_cs_268_5311_gen_inq_script","361","196","00:04:13","253","00:35:43","101","49,588"
"2019-07-16-dba_cs_268_5311_gen_inq_script","2019/07/16","dba_cs_268_5311_gen_inq_script","297","118","00:05:52","352","00:30:06","101","41,536"
"2019-07-17-dba_cs_268_5311_gen_inq_script","2019/07/17","dba_cs_268_5311_gen_inq_script","301","199","00:02:54","174","00:17:10","63","34,626"
"2019-07-18-dba_cs_268_5311_gen_inq_script","2019/07/18","dba_cs_268_5311_gen_inq_script","294","197","00:03:58","238","00:37:27","61","46,886"
"2019-07-19-dba_cs_268_5311_gen_inq_script","2019/07/19","dba_cs_268_5311_gen_inq_script","275","203","00:03:08","188","00:20:09","50","38,164"
"2019-07-22-dba_cs_268_5311_gen_inq_script","2019/07/22","dba_cs_268_5311_gen_inq_script","370","267","00:02:46","166","00:21:45","71","44,322"
"2019-07-23-dba_cs_268_5311_gen_inq_script","2019/07/23","dba_cs_268_5311_gen_inq_script","349","303","00:01:29","89","00:10:39","30","26,967"
"2019-07-24-dba_cs_268_5311_gen_inq_script","2019/07/24","dba_cs_268_5311_gen_inq_script","273","233","00:01:58","118","00:18:47","29","27,494"
"2019-07-25-dba_cs_268_5311_gen_inq_script","2019/07/25","dba_cs_268_5311_gen_inq_script","247","222","00:01:43","103","00:14:40","15","22,866"
"2019-07-26-dba_cs_268_5311_gen_inq_script","2019/07/26","dba_cs_268_5311_gen_inq_script","235","189","00:02:10","130","00:17:59","34","24,570"
"2019-07-29-dba_cs_268_5311_gen_inq_script","2019/07/29","dba_cs_268_5311_gen_inq_script","299","260","00:01:25","85","00:13:00","22","22,100"
"2019-07-30-dba_cs_268_5311_gen_inq_script","2019/07/30","dba_cs_268_5311_gen_inq_script","282","256","00:01:27","87","00:12:36","16","22,272"
"2019-07-31-dba_cs_268_5311_gen_inq_script","2019/07/31","dba_cs_268_5311_gen_inq_script","294","272","00:01:10","70","00:11:02","15","19,040"
"2019-08-01-dba_cs_268_5311_gen_inq_script","2019/08/01","dba_cs_268_5311_gen_inq_script","177","164","00:02:03","123","00:13:19","6","20,172"
"2019-08-02-dba_cs_268_5311_gen_inq_script","2019/08/02","dba_cs_268_5311_gen_inq_script","145","134","00:01:00","60","00:10:27","7","8,040"
"2019-08-05-dba_cs_268_5311_gen_inq_script","2019/08/05","dba_cs_268_5311_gen_inq_script","12","0","00:00:00","0","00:00:00","0","0"
"2019-08-06-dba_cs_268_5311_gen_inq_script","2019/08/06","dba_cs_268_5311_gen_inq_script","243","192","00:02:24","144","00:13:39","33","27,648"
"2019-08-07-dba_cs_268_5311_gen_inq_script","2019/08/07","dba_cs_268_5311_gen_inq_script","207","160","00:03:26","206","00:22:25","33","32,960"
"2019-08-08-dba_cs_268_5311_gen_inq_script","2019/08/08","dba_cs_268_5311_gen_inq_script","159","117","00:03:16","196","00:15:07","24","22,932"
"2019-08-09-dba_cs_268_5311_gen_inq_script","2019/08/09","dba_cs_268_5311_gen_inq_script","157","131","00:02:05","125","00:14:28","22","16,375"
"2019-08-12-dba_cs_268_5311_gen_inq_script","2019/08/12","dba_cs_268_5311_gen_inq_script","262","113","00:05:39","339","00:19:18","92","38,307"
"2019-08-13-dba_cs_268_5311_gen_inq_script","2019/08/13","dba_cs_268_5311_gen_inq_script","214","135","00:04:37","277","00:18:36","48","37,395"
"2019-08-14-dba_cs_268_5311_gen_inq_script","2019/08/14","dba_cs_268_5311_gen_inq_script","190","159","00:02:51","171","00:12:37","22","27,189"
"2019-08-15-dba_cs_268_5311_gen_inq_script","2019/08/15","dba_cs_268_5311_gen_inq_script","172","147","00:01:44","104","00:09:38","18","15,288"
"2019-08-16-dba_cs_268_5311_gen_inq_script","2019/08/16","dba_cs_268_5311_gen_inq_script","124","86","00:03:16","196","00:17:13","24","16,856"
"2019-08-19-dba_cs_268_5311_gen_inq_script","2019/08/19","dba_cs_268_5311_gen_inq_script","166","160","00:00:48","48","00:07:32","3","7,680"
"2019-08-20-dba_cs_268_5311_gen_inq_script","2019/08/20","dba_cs_268_5311_gen_inq_script","138","110","00:02:45","165","00:13:51","15","18,150"
"2019-08-21-dba_cs_268_5311_gen_inq_script","2019/08/21","dba_cs_268_5311_gen_inq_script","141","107","00:03:14","194","00:25:36","22","20,758"
"2019-08-22-dba_cs_268_5311_gen_inq_script","2019/08/22","dba_cs_268_5311_gen_inq_script","155","123","00:02:24","144","00:12:38","22","17,712"
"2019-08-23-dba_cs_268_5311_gen_inq_script","2019/08/23","dba_cs_268_5311_gen_inq_script","109","87","00:02:21","141","00:10:22","18","12,267"
"2019-08-26-dba_cs_268_5311_gen_inq_script","2019/08/26","dba_cs_268_5311_gen_inq_script","134","108","00:02:13","133","00:12:27","16","14,364"
"2019-08-27-dba_cs_268_5311_gen_inq_script","2019/08/27","dba_cs_268_5311_gen_inq_script","115","100","00:01:37","97","00:10:56","11","9,700"
"2019-08-28-dba_cs_268_5311_gen_inq_script","2019/08/28","dba_cs_268_5311_gen_inq_script","101","94","00:00:54","54","00:07:17","6","5,076"
"2019-08-29-dba_cs_268_5311_gen_inq_script","2019/08/29","dba_cs_268_5311_gen_inq_script","122","116","00:00:41","41","00:08:23","5","4,756"
"2019-08-30-dba_cs_268_5311_gen_inq_script","2019/08/30","dba_cs_268_5311_gen_inq_script","115","97","00:01:58","118","00:14:10","15","11,446"
"2019-09-02-dba_cs_268_5311_gen_inq_script","2019/09/02","dba_cs_268_5311_gen_inq_script","5","0","00:00:00","0","00:00:00","0","0"
"2019-09-03-dba_cs_268_5311_gen_inq_script","2019/09/03","dba_cs_268_5311_gen_inq_script","131","87","00:04:15","255","00:13:08","26","22,185"
"2019-09-04-dba_cs_268_5311_gen_inq_script","2019/09/04","dba_cs_268_5311_gen_inq_script","166","92","00:04:45","285","00:28:30","38","26,220"
"2019-09-05-dba_cs_268_5311_gen_inq_script","2019/09/05","dba_cs_268_5311_gen_inq_script","115","103","00:02:03","123","00:12:29","8","12,669"
"2019-09-06-dba_cs_268_5311_gen_inq_script","2019/09/06","dba_cs_268_5311_gen_inq_script","134","120","00:01:20","80","00:08:46","11","9,600"
"2019-09-09-dba_cs_268_5311_gen_inq_script","2019/09/09","dba_cs_268_5311_gen_inq_script","140","112","00:03:16","196","00:22:20","18","21,952"
"2019-09-10-dba_cs_268_5311_gen_inq_script","2019/09/10","dba_cs_268_5311_gen_inq_script","136","111","00:02:38","158","00:15:00","18","17,538"
"2019-09-11-dba_cs_268_5311_gen_inq_script","2019/09/11","dba_cs_268_5311_gen_inq_script","118","97","00:02:32","152","00:19:49","16","14,744"
"2019-09-12-dba_cs_268_5311_gen_inq_script","2019/09/12","dba_cs_268_5311_gen_inq_script","101","79","00:02:32","152","00:11:54","17","12,008"
"2019-09-13-dba_cs_268_5311_gen_inq_script","2019/09/13","dba_cs_268_5311_gen_inq_script","101","90","00:01:40","100","00:07:21","10","9,000"
"2019-09-16-dba_cs_268_5311_gen_inq_script","2019/09/16","dba_cs_268_5311_gen_inq_script","121","117","00:00:27","27","00:05:06","2","3,159"
"2019-09-17-dba_cs_268_5311_gen_inq_script","2019/09/17","dba_cs_268_5311_gen_inq_script","116","96","00:02:09","129","00:12:38","15","12,384"
"2019-09-18-dba_cs_268_5311_gen_inq_script","2019/09/18","dba_cs_268_5311_gen_inq_script","126","101","00:02:45","165","00:15:04","19","16,665"
"2019-09-19-dba_cs_268_5311_gen_inq_script","2019/09/19","dba_cs_268_5311_gen_inq_script","83","70","00:01:14","74","00:07:42","9","5,180"
"2019-09-20-dba_cs_268_5311_gen_inq_script","2019/09/20","dba_cs_268_5311_gen_inq_script","105","92","00:03:10","190","00:13:11","7","17,480"
"2019-09-23-dba_cs_268_5311_gen_inq_script","2019/09/23","dba_cs_268_5311_gen_inq_script","132","109","00:03:30","210","00:13:50","17","22,890"
"2019-09-24-dba_cs_268_5311_gen_inq_script","2019/09/24","dba_cs_268_5311_gen_inq_script","129","115","00:01:23","83","00:14:20","12","9,545"
"2019-09-25-dba_cs_268_5311_gen_inq_script","2019/09/25","dba_cs_268_5311_gen_inq_script","119","105","00:01:57","117","00:11:02","10","12,285"
"2019-09-26-dba_cs_268_5311_gen_inq_script","2019/09/26","dba_cs_268_5311_gen_inq_script","124","118","00:01:21","81","00:14:30","4","9,558"
"2019-09-27-dba_cs_268_5311_gen_inq_script","2019/09/27","dba_cs_268_5311_gen_inq_script","120","95","00:01:50","110","00:19:21","15","10,450"
"2019-09-30-dba_cs_268_5311_gen_inq_script","2019/09/30","dba_cs_268_5311_gen_inq_script","113","99","00:01:13","73","00:08:27","8","7,227"
"2019-10-01-dba_cs_268_5311_gen_inq_script","2019/10/01","dba_cs_268_5311_gen_inq_script","130","108","00:01:53","113","00:10:09","17","12,204"
"2019-10-02-dba_cs_268_5311_gen_inq_script","2019/10/02","dba_cs_268_5311_gen_inq_script","0","0","00:00:00","0","00:00:00","0","0"
"2019-10-03-dba_cs_268_5311_gen_inq_script","2019/10/03","dba_cs_268_5311_gen_inq_script","0","0","00:00:00","0","00:00:00","0","0"
"2019-10-04-dba_cs_268_5311_gen_inq_script","2019/10/04","dba_cs_268_5311_gen_inq_script","0","0","00:00:00","0","00:00:00","0","0"
"2019-10-07-dba_cs_268_5311_gen_inq_script","2019/10/07","dba_cs_268_5311_gen_inq_script","0","0","00:00:00","0","00:00:00","0","0"
"2019-10-08-dba_cs_268_5311_gen_inq_script","2019/10/08","dba_cs_268_5311_gen_inq_script","0","0","00:00:00","0","00:00:00","0","0"
"2019-10-09-dba_cs_268_5311_gen_inq_script","2019/10/09","dba_cs_268_5311_gen_inq_script","0","0","00:00:00","0","00:00:00","0","0"
"2019-10-10-dba_cs_268_5311_gen_inq_script","2019/10/10","dba_cs_268_5311_gen_inq_script","0","0","00:00:00","0","00:00:00","0","0"
"2019-10-11-dba_cs_268_5311_gen_inq_script","2019/10/11","dba_cs_268_5311_gen_inq_script","0","0","00:00:00","0","00:00:00","0","0"
"2019-10-14-dba_cs_268_5311_gen_inq_script","2019/10/14","dba_cs_268_5311_gen_inq_script","0","0","00:00:00","0","00:00:00","0","0"
"2019-10-15-dba_cs_268_5311_gen_inq_script","2019/10/15","dba_cs_268_5311_gen_inq_script","0","0","00:00:00","0","00:00:00","0","0"
"2019-10-16-dba_cs_268_5311_gen_inq_script","2019/10/16","dba_cs_268_5311_gen_inq_script","0","0","00:00:00","0","00:00:00","0","0"
"2019-10-17-dba_cs_268_5311_gen_inq_script","2019/10/17","dba_cs_268_5311_gen_inq_script","0","0","00:00:00","0","00:00:00","0","0"
"2019-10-18-dba_cs_268_5311_gen_inq_script","2019/10/18","dba_cs_268_5311_gen_inq_script","0","0","00:00:00","0","00:00:00","0","0"
"2019-10-21-dba_cs_268_5311_gen_inq_script","2019/10/21","dba_cs_268_5311_gen_inq_script","0","0","00:00:00","0","00:00:00","0","0"
"2019-10-22-dba_cs_268_5311_gen_inq_script","2019/10/22","dba_cs_268_5311_gen_inq_script","0","0","00:00:00","0","00:00:00","0","0"
"2019-10-23-dba_cs_268_5311_gen_inq_script","2019/10/23","dba_cs_268_5311_gen_inq_script","0","0","00:00:00","0","00:00:00","0","0"
"2019-10-24-dba_cs_268_5311_gen_inq_script","2019/10/24","dba_cs_268_5311_gen_inq_script","0","0","00:00:00","0","00:00:00","0","0"
"2019-10-25-dba_cs_268_5311_gen_inq_script","2019/10/25","dba_cs_268_5311_gen_inq_script","0","0","00:00:00","0","00:00:00","0","0"
"2019-10-28-dba_cs_268_5311_gen_inq_script","2019/10/28","dba_cs_268_5311_gen_inq_script","0","0","00:00:00","0","00:00:00","0","0"
"2019-10-29-dba_cs_268_5311_gen_inq_script","2019/10/29","dba_cs_268_5311_gen_inq_script","0","0","00:00:00","0","00:00:00","0","0"
"2019-10-30-dba_cs_268_5311_gen_inq_script","2019/10/30","dba_cs_268_5311_gen_inq_script","0","0","00:00:00","0","00:00:00","0","0"
"2019-10-31-dba_cs_268_5311_gen_inq_script","2019/10/31","dba_cs_268_5311_gen_inq_script","0","0","00:00:00","0","00:00:00","0","0"
"2019-11-01-dba_cs_268_5311_gen_inq_script","2019/11/01","dba_cs_268_5311_gen_inq_script","0","0","00:00:00","0","00:00:00","0","0"
"2019-11-04-dba_cs_268_5311_gen_inq_script","2019/11/04","dba_cs_268_5311_gen_inq_script","0","0","00:00:00","0","00:00:00","0","0"
"2019-11-05-dba_cs_268_5311_gen_inq_script","2019/11/05","dba_cs_268_5311_gen_inq_script","0","0","00:00:00","0","00:00:00","0","0"
"2019-11-06-dba_cs_268_5311_gen_inq_script","2019/11/06","dba_cs_268_5311_gen_inq_script","0","0","00:00:00","0","00:00:00","0","0"
"2019-11-07-dba_cs_268_5311_gen_inq_script","2019/11/07","dba_cs_268_5311_gen_inq_script","0","0","00:00:00","0","00:00:00","0","0"
"2019-11-08-dba_cs_268_5311_gen_inq_script","2019/11/08","dba_cs_268_5311_gen_inq_script","0","0","00:00:00","0","00:00:00","0","0"
"2019-11-11-dba_cs_268_5311_gen_inq_script","2019/11/11","dba_cs_268_5311_gen_inq_script","0","0","00:00:00","0","00:00:00","0","0"
"2019-11-12-dba_cs_268_5311_gen_inq_script","2019/11/12","dba_cs_268_5311_gen_inq_script","0","0","00:00:00","0","00:00:00","0","0"
"2019-11-13-dba_cs_268_5311_gen_inq_script","2019/11/13","dba_cs_268_5311_gen_inq_script","0","0","00:00:00","0","00:00:00","0","0"
"2019-11-14-dba_cs_268_5311_gen_inq_script","2019/11/14","dba_cs_268_5311_gen_inq_script","0","0","00:00:00","0","00:00:00","0","0"
"2019-11-15-dba_cs_268_5311_gen_inq_script","2019/11/15","dba_cs_268_5311_gen_inq_script","0","0","00:00:00","0","00:00:00","0","0"
"2019-11-18-dba_cs_268_5311_gen_inq_script","2019/11/18","dba_cs_268_5311_gen_inq_script","0","0","00:00:00","0","00:00:00","0","0"
"2019-11-19-dba_cs_268_5311_gen_inq_script","2019/11/19","dba_cs_268_5311_gen_inq_script","0","0","00:00:00","0","00:00:00","0","0"
"2019-11-20-dba_cs_268_5311_gen_inq_script","2019/11/20","dba_cs_268_5311_gen_inq_script","0","0","00:00:00","0","00:00:00","0","0"
"2019-11-21-dba_cs_268_5311_gen_inq_script","2019/11/21","dba_cs_268_5311_gen_inq_script","0","0","00:00:00","0","00:00:00","0","0"
"2019-11-22-dba_cs_268_5311_gen_inq_script","2019/11/22","dba_cs_268_5311_gen_inq_script","0","0","00:00:00","0","00:00:00","0","0"
"2019-11-25-dba_cs_268_5311_gen_inq_script","2019/11/25","dba_cs_268_5311_gen_inq_script","0","0","00:00:00","0","00:00:00","0","0"
"2019-11-26-dba_cs_268_5311_gen_inq_script","2019/11/26","dba_cs_268_5311_gen_inq_script","0","0","00:00:00","0","00:00:00","0","0"
"2019-11-27-dba_cs_268_5311_gen_inq_script","2019/11/27","dba_cs_268_5311_gen_inq_script","0","0","00:00:00","0","00:00:00","0","0"
"2019-11-28-dba_cs_268_5311_gen_inq_script","2019/11/28","dba_cs_268_5311_gen_inq_script","0","0","00:00:00","0","00:00:00","0","0"
"2019-11-29-dba_cs_268_5311_gen_inq_script","2019/11/29","dba_cs_268_5311_gen_inq_script","0","0","00:00:00","0","00:00:00","0","0"
"2019-12-02-dba_cs_268_5311_gen_inq_script","2019/12/02","dba_cs_268_5311_gen_inq_script","0","0","00:00:00","0","00:00:00","0","0"
"2019-12-03-dba_cs_268_5311_gen_inq_script","2019/12/03","dba_cs_268_5311_gen_inq_script","0","0","00:00:00","0","00:00:00","0","0"
"2019-12-04-dba_cs_268_5311_gen_inq_script","2019/12/04","dba_cs_268_5311_gen_inq_script","0","0","00:00:00","0","00:00:00","0","0"
"2019-12-05-dba_cs_268_5311_gen_inq_script","2019/12/05","dba_cs_268_5311_gen_inq_script","0","0","00:00:00","0","00:00:00","0","0"
"2019-12-06-dba_cs_268_5311_gen_inq_script","2019/12/06","dba_cs_268_5311_gen_inq_script","0","0","00:00:00","0","00:00:00","0","0"
"2019-12-09-dba_cs_268_5311_gen_inq_script","2019/12/09","dba_cs_268_5311_gen_inq_script","0","0","00:00:00","0","00:00:00","0","0"
"2019-12-10-dba_cs_268_5311_gen_inq_script","2019/12/10","dba_cs_268_5311_gen_inq_script","0","0","00:00:00","0","00:00:00","0","0"
"2019-12-11-dba_cs_268_5311_gen_inq_script","2019/12/11","dba_cs_268_5311_gen_inq_script","0","0","00:00:00","0","00:00:00","0","0"
"2019-12-12-dba_cs_268_5311_gen_inq_script","2019/12/12","dba_cs_268_5311_gen_inq_script","0","0","00:00:00","0","00:00:00","0","0"
"2019-12-13-dba_cs_268_5311_gen_inq_script","2019/12/13","dba_cs_268_5311_gen_inq_script","0","0","00:00:00","0","00:00:00","0","0"
